{"hf-recursive-dim768-chunk256/MRR": 0.5242424242424243, "hf-recursive-dim768-chunk256/Avg_Retrieval_Time": 0.24442211064425381, "hf-recursive-dim768-chunk256/Hit@1": 0.45454545454545453, "hf-recursive-dim768-chunk256/Hit@3": 0.5909090909090909, "hf-recursive-dim768-chunk256/Hit@5": 0.6363636363636364, "_timestamp": 1725907925.111635, "_runtime": 97.6506519317627, "_step": 20, "hf-char-dim768-chunk256/MRR": 0.5113636363636364, "hf-char-dim768-chunk256/Avg_Retrieval_Time": 0.19029623811895197, "hf-char-dim768-chunk256/Hit@1": 0.4090909090909091, "hf-char-dim768-chunk256/Hit@3": 0.5454545454545454, "hf-char-dim768-chunk256/Hit@5": 0.6818181818181818, "hf-char-dim768-chunk1024/MRR": 0.4522727272727272, "hf-char-dim768-chunk1024/Avg_Retrieval_Time": 0.20410524715076794, "hf-char-dim768-chunk1024/Hit@1": 0.4090909090909091, "hf-char-dim768-chunk1024/Hit@3": 0.45454545454545453, "hf-char-dim768-chunk1024/Hit@5": 0.5454545454545454, "hf-sentence-dim768-chunk512/MRR": 0.3598484848484848, "hf-sentence-dim768-chunk512/Avg_Retrieval_Time": 0.1936554475264116, "hf-sentence-dim768-chunk512/Hit@1": 0.2727272727272727, "hf-sentence-dim768-chunk512/Hit@3": 0.4090909090909091, "hf-sentence-dim768-chunk512/Hit@5": 0.5454545454545454, "hf-semantic-dim768-chunk1024/MRR": 0.41818181818181815, "hf-semantic-dim768-chunk1024/Avg_Retrieval_Time": 0.22541977058757434, "hf-semantic-dim768-chunk1024/Hit@1": 0.4090909090909091, "hf-semantic-dim768-chunk1024/Hit@3": 0.4090909090909091, "hf-semantic-dim768-chunk1024/Hit@5": 0.45454545454545453, "hf-sentence-dim768-chunk256/MRR": 0.4924242424242424, "hf-sentence-dim768-chunk256/Avg_Retrieval_Time": 0.19761917807839133, "hf-sentence-dim768-chunk256/Hit@1": 0.45454545454545453, "hf-sentence-dim768-chunk256/Hit@3": 0.5454545454545454, "hf-sentence-dim768-chunk256/Hit@5": 0.5454545454545454, "hf-char-dim768-chunk512/MRR": 0.46212121212121215, "hf-char-dim768-chunk512/Avg_Retrieval_Time": 0.20022675124081699, "hf-char-dim768-chunk512/Hit@1": 0.4090909090909091, "hf-char-dim768-chunk512/Hit@3": 0.5, "hf-char-dim768-chunk512/Hit@5": 0.5909090909090909, "hf-sentence-dim768-chunk128/MRR": 0.5681818181818182, "hf-sentence-dim768-chunk128/Avg_Retrieval_Time": 0.18901103193109686, "hf-sentence-dim768-chunk128/Hit@1": 0.5, "hf-sentence-dim768-chunk128/Hit@3": 0.5909090909090909, "hf-sentence-dim768-chunk128/Hit@5": 0.6818181818181818, "hf-token-dim768-chunk128/MRR": 0.35757575757575755, "hf-token-dim768-chunk128/Avg_Retrieval_Time": 0.2011765024878762, "hf-token-dim768-chunk128/Hit@1": 0.2727272727272727, "hf-token-dim768-chunk128/Hit@3": 0.4090909090909091, "hf-token-dim768-chunk128/Hit@5": 0.5454545454545454, "hf-recursive-dim768-chunk1024/MRR": 0.43712121212121213, "hf-recursive-dim768-chunk1024/Avg_Retrieval_Time": 0.21871253577145663, "hf-recursive-dim768-chunk1024/Hit@1": 0.36363636363636365, "hf-recursive-dim768-chunk1024/Hit@3": 0.5, "hf-recursive-dim768-chunk1024/Hit@5": 0.5909090909090909, "hf-char-dim768-chunk128/MRR": 0.571969696969697, "hf-char-dim768-chunk128/Avg_Retrieval_Time": 0.1929678049954501, "hf-char-dim768-chunk128/Hit@1": 0.45454545454545453, "hf-char-dim768-chunk128/Hit@3": 0.6363636363636364, "hf-char-dim768-chunk128/Hit@5": 0.7727272727272727, "hf-recursive-dim768-chunk128/MRR": 0.606060606060606, "hf-recursive-dim768-chunk128/Avg_Retrieval_Time": 0.19135543433102695, "hf-recursive-dim768-chunk128/Hit@1": 0.5454545454545454, "hf-recursive-dim768-chunk128/Hit@3": 0.6818181818181818, "hf-recursive-dim768-chunk128/Hit@5": 0.6818181818181818, "hf-token-dim768-chunk1024/MRR": 0.4431818181818182, "hf-token-dim768-chunk1024/Avg_Retrieval_Time": 0.24116116220300848, "hf-token-dim768-chunk1024/Hit@1": 0.4090909090909091, "hf-token-dim768-chunk1024/Hit@3": 0.45454545454545453, "hf-token-dim768-chunk1024/Hit@5": 0.5, "hf-sentence-dim768-chunk1024/MRR": 0.4772727272727273, "hf-sentence-dim768-chunk1024/Avg_Retrieval_Time": 0.19439195502888074, "hf-sentence-dim768-chunk1024/Hit@1": 0.4090909090909091, "hf-sentence-dim768-chunk1024/Hit@3": 0.5, "hf-sentence-dim768-chunk1024/Hit@5": 0.5909090909090909, "hf-semantic-dim768-chunk256/MRR": 0.38787878787878777, "hf-semantic-dim768-chunk256/Avg_Retrieval_Time": 0.20151937007904053, "hf-semantic-dim768-chunk256/Hit@1": 0.3181818181818182, "hf-semantic-dim768-chunk256/Hit@3": 0.45454545454545453, "hf-semantic-dim768-chunk256/Hit@5": 0.5, "hf-semantic-dim768-chunk512/MRR": 0.39545454545454545, "hf-semantic-dim768-chunk512/Avg_Retrieval_Time": 0.19409716129302979, "hf-semantic-dim768-chunk512/Hit@1": 0.36363636363636365, "hf-semantic-dim768-chunk512/Hit@3": 0.4090909090909091, "hf-semantic-dim768-chunk512/Hit@5": 0.45454545454545453, "hf-token-dim768-chunk256/MRR": 0.4090909090909091, "hf-token-dim768-chunk256/Avg_Retrieval_Time": 0.2081999345259233, "hf-token-dim768-chunk256/Hit@1": 0.3181818181818182, "hf-token-dim768-chunk256/Hit@3": 0.5, "hf-token-dim768-chunk256/Hit@5": 0.5, "hf-semantic-dim768-chunk128/MRR": 0.4022727272727273, "hf-semantic-dim768-chunk128/Avg_Retrieval_Time": 0.2015747157010165, "hf-semantic-dim768-chunk128/Hit@1": 0.36363636363636365, "hf-semantic-dim768-chunk128/Hit@3": 0.36363636363636365, "hf-semantic-dim768-chunk128/Hit@5": 0.5454545454545454, "hf-token-dim768-chunk512/MRR": 0.40151515151515144, "hf-token-dim768-chunk512/Avg_Retrieval_Time": 0.21011284264651212, "hf-token-dim768-chunk512/Hit@1": 0.3181818181818182, "hf-token-dim768-chunk512/Hit@3": 0.5, "hf-token-dim768-chunk512/Hit@5": 0.5, "hf-recursive-dim768-chunk512/MRR": 0.41666666666666663, "hf-recursive-dim768-chunk512/Avg_Retrieval_Time": 0.21472628550095993, "hf-recursive-dim768-chunk512/Hit@1": 0.3181818181818182, "hf-recursive-dim768-chunk512/Hit@3": 0.5454545454545454, "hf-recursive-dim768-chunk512/Hit@5": 0.6363636363636364, "results_summary": {"_type": "table-file", "sha256": "2e6ee06c35cbd720fc13e8ab5c558deee801dbd8dc5bc593c08e6ac9d8bc3a4a", "size": 2612, "artifact_path": "wandb-client-artifact://0qh4r5nfhuksez9ozxba7x0t5ma43wqwq0ea20ne6py5qs6f3n33j9iwgqakjjbvo4hdyivm28odbt82z50fgwg3qwbsc002p61sm6l6d6m3i7ir1j5tma7egbifycho/results_summary.table.json", "_latest_artifact_path": "wandb-client-artifact://dntorq4s5c35jgco66546e6xsrx762lzifici3zw7egyqqonfp1uqeoi1np1ttqfj2z7uve80g4dtyf45u8bpjw29dxdoz7ba06vn96sz3ffyi57y3mcmnidhamkzo4u:latest/results_summary.table.json", "path": "media/table/results_summary_20_2e6ee06c35cbd720fc13.table.json", "ncols": 6, "nrows": 20}, "_wandb": {"runtime": 99}}